english,vietnamese,part_of_speech
ability,khả năng,noun
able,có thể,adjective
about,về,preposition
above,ở trên,preposition
accept,chấp nhận,verb
accident,tai nạn,noun
across,băng qua,preposition
act,hành động,verb
action,hành động,noun
active,năng động,adjective
activity,hoạt động,noun
add,thêm,verb
address,địa chỉ,noun
admit,thừa nhận,verb
adult,người lớn,noun
advance,tiến bộ,noun
advantage,lợi thế,noun
advice,lời khuyên,noun
affect,ảnh hưởng,verb
afraid,sợ hãi,adjective
after,sau,preposition
again,lại,adverb
against,chống lại,preposition
age,tuổi,noun
agree,đồng ý,verb
air,không khí,noun
all,tất cả,determiner
allow,cho phép,verb
almost,hầu như,adverb
alone,một mình,adjective
along,dọc theo,preposition
already,đã rồi,adverb
also,cũng,adverb
although,mặc dù,conjunction
always,luôn luôn,adverb
among,giữa,preposition
amount,số lượng,noun
ancient,cổ đại,adjective
and,và,conjunction
anger,sự tức giận,noun
animal,động vật,noun
another,khác,determiner
answer,câu trả lời,noun
any,bất kỳ,determiner
anyone,bất kỳ ai,pronoun
anything,bất cứ điều gì,pronoun
appear,xuất hiện,verb
apple,táo,noun
apply,áp dụng,verb
area,khu vực,noun
argue,tranh luận,verb
arm,cánh tay,noun
around,xung quanh,preposition
arrive,đến,verb
art,nghệ thuật,noun
article,bài báo,noun
ask,hỏi,verb
attack,tấn công,verb
attention,sự chú ý,noun
author,tác giả,noun
available,có sẵn,adjective
avoid,tránh,verb
away,xa,adverb
baby,em bé,noun
back,lưng,noun
bad,xấu,adjective
bag,túi,noun
ball,bóng,noun
bank,ngân hàng,noun
base,cơ sở,noun
basic,cơ bản,adjective
beautiful,đẹp,adjective
because,bởi vì,conjunction
become,trở thành,verb
bed,giường,noun
before,trước,preposition
begin,bắt đầu,verb
behavior,hành vi,noun
behind,phía sau,preposition
believe,tin,verb
benefit,lợi ích,noun
best,tốt nhất,adjective
better,tốt hơn,adjective
between,giữa,preposition
big,lớn,adjective
bill,hóa đơn,noun
bird,chim,noun
birth,sự sinh,noun
black,đen,adjective
blood,máu,noun
blue,xanh dương,adjective
board,bảng,noun
body,cơ thể,noun
book,sách,noun
both,cả hai,determiner
box,hộp,noun
boy,cậu bé,noun
break,phá vỡ,verb
bring,mang lại,verb
brother,anh em trai,noun
build,xây dựng,verb
business,kinh doanh,noun
buy,mua,verb
call,gọi,verb
camera,máy ảnh,noun
campaign,chiến dịch,noun
can,có thể,modal
cancer,ung thư,noun
candidate,ứng viên,noun
capital,thủ đô,noun
car,xe hơi,noun
care,chăm sóc,verb
career,sự nghiệp,noun
carry,mang,verb
case,trường hợp,noun
catch,bắt,verb
cause,nguyên nhân,noun
cell,tế bào,noun
center,trung tâm,noun
central,trung tâm,adjective
century,thế kỷ,noun
certain,chắc chắn,adjective
chair,ghế,noun
chance,cơ hội,noun
change,thay đổi,verb
character,nhân vật,noun
charge,phí,noun
check,kiểm tra,verb
child,trẻ em,noun
choice,lựa chọn,noun
choose,chọn,verb
church,nhà thờ,noun
city,thành phố,noun
civil,dân sự,adjective
claim,tuyên bố,verb
class,lớp,noun
clear,rõ ràng,adjective
close,đóng,verb
coach,huấn luyện viên,noun
cold,lạnh,adjective
collection,bộ sưu tập,noun
college,trường cao đẳng,noun
color,màu sắc,noun
come,đến,verb
commercial,thương mại,adjective
common,phổ biến,adjective
community,cộng đồng,noun
company,công ty,noun
compare,so sánh,verb
computer,máy tính,noun
concern,mối quan tâm,noun
condition,điều kiện,noun
conference,hội nghị,noun
consider,xem xét,verb
consumer,người tiêu dùng,noun
contain,chứa,verb
continue,tiếp tục,verb
control,kiểm soát,verb
cost,chi phí,noun
could,có thể,modal
country,quốc gia,noun
couple,cặp đôi,noun
course,khóa học,noun
court,tòa án,noun
cover,che phủ,verb
create,tạo ra,verb
crime,tội phạm,noun
culture,văn hóa,noun
cup,cốc,noun
current,hiện tại,adjective
customer,khách hàng,noun
cut,cắt,verb
dark,tối,adjective
data,dữ liệu,noun
daughter,con gái,noun
day,ngày,noun
dead,chết,adjective
deal,giao dịch,noun
death,cái chết,noun
debate,tranh luận,noun
decide,quyết định,verb
decision,quyết định,noun
deep,sâu,adjective
defense,phòng thủ,noun
degree,bằng cấp,noun
democrat,dân chủ,noun
describe,mô tả,verb
design,thiết kế,noun
detail,chi tiết,noun
develop,phát triển,verb
development,sự phát triển,noun
difference,sự khác biệt,noun
different,khác nhau,adjective
difficult,khó khăn,adjective
direction,hướng,noun
director,giám đốc,noun
discover,khám phá,verb
discuss,thảo luận,verb
discussion,cuộc thảo luận,noun
disease,bệnh tật,noun
do,làm,verb
doctor,bác sĩ,noun
dog,chó,noun
door,cửa,noun
down,xuống,adverb
draw,vẽ,verb
dream,giấc mơ,noun
drive,lái xe,verb
drop,rơi,verb
drug,thuốc,noun
during,trong khi,preposition
each,mỗi,determiner
early,sớm,adjective
east,đông,noun
easy,dễ,adjective
eat,ăn,verb
economic,kinh tế,adjective
economy,nền kinh tế,noun
edge,cạnh,noun
education,giáo dục,noun
effect,hiệu ứng,noun
effort,nỗ lực,noun
eight,tám,numeral
either,hoặc,conjunction
election,bầu cử,noun
employee,nhân viên,noun
end,kết thúc,noun
energy,năng lượng,noun
enjoy,thưởng thức,verb
enough,đủ,adverb
enter,nhập,verb
entire,toàn bộ,adjective
environment,môi trường,noun
especially,đặc biệt,adverb
establish,thành lập,verb
even,thậm chí,adverb
evening,buổi tối,noun
event,sự kiện,noun
ever,từng,adverb
every,mọi,determiner
everyone,mọi người,pronoun
everything,mọi thứ,pronoun
evidence,bằng chứng,noun
example,ví dụ,noun
exist,tồn tại,verb
expect,mong đợi,verb
experience,kinh nghiệm,noun
expert,chuyên gia,noun
explain,giải thích,verb
eye,mắt,noun
face,khuôn mặt,noun
fact,sự thật,noun
factor,yếu tố,noun
fail,thất bại,verb
fall,rơi,verb
family,gia đình,noun
far,xa,adverb
fast,nhanh,adjective
father,cha,noun
fear,nỗi sợ,noun
federal,liên bang,adjective
feel,cảm thấy,verb
feeling,cảm giác,noun
few,vài,determiner
field,lĩnh vực,noun
fight,chiến đấu,verb
figure,hình dạng,noun
fill,đổ đầy,verb
film,phim,noun
final,cuối cùng,adjective
finally,cuối cùng,adverb
financial,tài chính,adjective
find,tìm thấy,verb
fine,tốt,adjective
finger,ngón tay,noun
finish,hoàn thành,verb
fire,lửa,noun
firm,công ty,noun
first,đầu tiên,adjective
fish,cá,noun
five,năm,numeral
floor,sàn nhà,noun
focus,tập trung,noun
follow,theo sau,verb
food,thức ăn,noun
foot,bàn chân,noun
for,cho,preposition
force,lực,noun
foreign,nước ngoài,adjective
forget,quên,verb
form,hình thức,noun
former,trước đây,adjective
forward,phía trước,adverb
four,bốn,numeral
free,tự do,adjective
friend,bạn bè,noun
from,từ,preposition
front,phía trước,noun
full,đầy,adjective
fund,quỹ,noun
future,tương lai,noun
game,trò chơi,noun
garden,vườn,noun
gas,khí,noun
general,tổng quát,adjective
generation,thế hệ,noun
get,nhận,verb
girl,cô gái,noun
give,cho,verb
glass,thủy tinh,noun
go,đi,verb
goal,mục tiêu,noun
good,tốt,adjective
government,chính phủ,noun
great,tuyệt vời,adjective
green,xanh lá,adjective
ground,mặt đất,noun
group,nhóm,noun
grow,phát triển,verb
growth,sự tăng trưởng,noun
guess,đoán,verb
gun,súng,noun
guy,chàng trai,noun
hair,tóc,noun
half,một nửa,noun
hand,tay,noun
hang,treo,verb
happen,xảy ra,verb
happy,hạnh phúc,adjective
hard,khó,adjective
have,có,verb
head,đầu,noun
health,sức khỏe,noun
hear,nghe,verb
heart,trái tim,noun
heat,nhiệt,noun
heavy,nặng,adjective
help,giúp đỡ,verb
her,của cô ấy,pronoun
here,ở đây,adverb
herself,chính cô ấy,pronoun
high,cao,adjective
himself,chính anh ấy,pronoun
history,lịch sử,noun
hit,đánh,verb
hold,giữ,verb
home,nhà,noun
hope,hy vọng,noun
hospital,bệnh viện,noun
hot,nóng,adjective
hotel,khách sạn,noun
hour,giờ,noun
house,ngôi nhà,noun
how,như thế nào,adverb
however,tuy nhiên,adverb
huge,khổng lồ,adjective
human,con người,noun
hundred,trăm,numeral
husband,chồng,noun
idea,ý tưởng,noun
identify,xác định,verb
image,hình ảnh,noun
imagine,tưởng tượng,verb
impact,tác động,noun
important,quan trọng,adjective
improve,cải thiện,verb
include,bao gồm,verb
including,bao gồm,preposition
increase,tăng lên,verb
indeed,thực sự,adverb
indicate,chỉ ra,verb
individual,cá nhân,noun
industry,ngành công nghiệp,noun
information,thông tin,noun
inside,bên trong,preposition
instead,thay vào đó,adverb
institution,tổ chức,noun
interest,sự quan tâm,noun
interesting,thú vị,adjective
international,quốc tế,adjective
interview,phỏng vấn,noun
into,vào,preposition
investment,đầu tư,noun
involve,liên quan,verb
issue,vấn đề,noun
item,mục,noun
itself,chính nó,pronoun
job,công việc,noun
join,tham gia,verb
just,chỉ,adverb
keep,giữ,verb
key,chìa khóa,noun
kid,trẻ con,noun
kind,tử tế,adjective
kitchen,nhà bếp,noun
know,biết,verb
knowledge,kiến thức,noun
land,đất,noun
language,ngôn ngữ,noun
large,lớn,adjective
last,cuối cùng,adjective
late,muộn,adjective
later,sau đó,adverb
laugh,cười,verb
law,luật,noun
lawyer,luật sư,noun
lead,dẫn dắt,verb
leader,lãnh đạo,noun
learn,học,verb
least,ít nhất,adverb
leave,rời đi,verb
left,bên trái,adjective
leg,chân,noun
legal,hợp pháp,adjective
less,ít hơn,adverb
let,cho phép,verb
letter,thư,noun
level,mức độ,noun
life,cuộc sống,noun
light,ánh sáng,noun
like,thích,verb
likely,có khả năng,adjective
line,dòng,noun
list,danh sách,noun
listen,lắng nghe,verb
little,ít,adjective
live,sống,verb
local,địa phương,adjective
long,dài,adjective
look,nhìn,verb
lose,mất,verb
loss,sự mất mát,noun
lot,nhiều,noun
love,tình yêu,noun
low,thấp,adjective
machine,máy móc,noun
magazine,tạp chí,noun
main,chính,adjective
maintain,duy trì,verb
major,lớn,adjective
make,làm,verb
man,đàn ông,noun
manage,quản lý,verb
management,quản lý,noun
manager,người quản lý,noun
many,nhiều,determiner
market,thị trường,noun
marriage,hôn nhân,noun
material,vật liệu,noun
matter,vấn đề,noun
may,có thể,modal
maybe,có lẽ,adverb
mean,có nghĩa,verb
measure,đo lường,verb
media,phương tiện truyền thông,noun
medical,y tế,adjective
meet,gặp,verb
meeting,cuộc họp,noun
member,thành viên,noun
memory,trí nhớ,noun
mention,đề cập,verb
message,tin nhắn,noun
method,phương pháp,noun
middle,giữa,noun
might,có thể,modal
military,quân đội,noun
million,triệu,numeral
mind,tâm trí,noun
minute,phút,noun
miss,bỏ lỡ,verb
mission,nhiệm vụ,noun
model,mô hình,noun
modern,hiện đại,adjective
moment,khoảnh khắc,noun
money,tiền,noun
month,tháng,noun
more,nhiều hơn,adverb
morning,buổi sáng,noun
most,hầu hết,adverb
mother,mẹ,noun
mouth,miệng,noun
move,di chuyển,verb
movement,chuyển động,noun
movie,phim,noun
much,nhiều,adverb
music,âm nhạc,noun
must,phải,modal
myself,chính tôi,pronoun
name,tên,noun
nation,quốc gia,noun
national,quốc gia,adjective
natural,tự nhiên,adjective
nature,thiên nhiên,noun
near,gần,preposition
nearly,gần như,adverb
necessary,cần thiết,adjective
need,cần,verb
network,mạng lưới,noun
never,không bao giờ,adverb
new,mới,adjective
news,tin tức,noun
next,tiếp theo,adjective
nice,tốt,adjective
night,đêm,noun
none,không ai,pronoun
north,bắc,noun
not,không,adverb
note,ghi chú,noun
nothing,không có gì,pronoun
notice,chú ý,verb
number,số,noun
occur,xảy ra,verb
off,tắt,adverb
offer,đề nghị,verb
office,văn phòng,noun
officer,sĩ quan,noun
official,chính thức,adjective
often,thường xuyên,adverb
oil,dầu,noun
old,già,adjective
once,một lần,adverb
one,một,numeral
only,chỉ,adverb
open,mở,verb
operation,hoạt động,noun
opportunity,cơ hội,noun
option,lựa chọn,noun
order,đặt hàng,noun
organization,tổ chức,noun
other,khác,adjective
others,những người khác,pronoun
our,của chúng tôi,pronoun
out,ra ngoài,adverb
outside,bên ngoài,preposition
over,trên,preposition
own,sở hữu,verb
owner,chủ sở hữu,noun
page,trang,noun
pain,đau,noun
painting,bức tranh,noun
paper,giấy,noun
parent,cha mẹ,noun
part,phần,noun
participant,người tham gia,noun
particular,cụ thể,adjective
partner,đối tác,noun
party,bữa tiệc,noun
pass,đi qua,verb
past,quá khứ,noun
patient,bệnh nhân,noun
pattern,mẫu,noun
pay,trả tiền,verb
peace,hòa bình,noun
people,người,noun
per,cho mỗi,preposition
perform,thực hiện,verb
performance,hiệu suất,noun
perhaps,có lẽ,adverb
period,khoảng thời gian,noun
person,người,noun
personal,cá nhân,adjective
phone,điện thoại,noun
physical,vật lý,adjective
pick,chọn,verb
picture,bức ảnh,noun
piece,mảnh,noun
place,nơi,noun
plan,kế hoạch,noun
plant,cây,noun
play,chơi,verb
player,người chơi,noun
point,điểm,noun
police,cảnh sát,noun
policy,chính sách,noun
political,chính trị,adjective
poor,nghèo,adjective
popular,phổ biến,adjective
population,dân số,noun
position,vị trí,noun
positive,tích cực,adjective
possible,có thể,adjective
power,sức mạnh,noun
practice,thực hành,noun
prepare,chuẩn bị,verb
present,hiện tại,adjective
president,tổng thống,noun
pressure,áp lực,noun
pretty,khá,adverb
prevent,ngăn chặn,verb
price,giá,noun
private,riêng tư,adjective
probably,có lẽ,adverb
problem,vấn đề,noun
process,quá trình,noun
produce,sản xuất,verb
product,sản phẩm,noun
production,sự sản xuất,noun
professional,chuyên nghiệp,adjective
professor,giáo sư,noun
program,chương trình,noun
project,dự án,noun
property,tài sản,noun
protect,bảo vệ,verb
provide,cung cấp,verb
public,công cộng,adjective
purpose,mục đích,noun
push,đẩy,verb
put,đặt,verb
quality,chất lượng,noun
question,câu hỏi,noun
quickly,nhanh chóng,adverb
quite,khá,adverb
race,cuộc đua,noun
radio,đài phát thanh,noun
raise,nâng lên,verb
range,phạm vi,noun
rate,tỷ lệ,noun
rather,khá,adverb
reach,đạt tới,verb
read,đọc,verb
ready,sẵn sàng,adjective
real,thực,adjective
reality,thực tế,noun
realize,nhận ra,verb
really,thực sự,adverb
reason,lý do,noun
receive,nhận,verb
recent,gần đây,adjective
recently,gần đây,adverb
recognize,nhận ra,verb
record,bản ghi,noun
reduce,giảm,verb
reflect,phản ánh,verb
region,khu vực,noun
relate,liên quan,verb
relationship,mối quan hệ,noun
religious,tôn giáo,adjective
remain,còn lại,verb
remember,nhớ,verb
remove,loại bỏ,verb
report,báo cáo,noun
represent,đại diện,verb
require,yêu cầu,verb
research,nghiên cứu,noun
resource,tài nguyên,noun
respond,phản hồi,verb
response,phản hồi,noun
responsibility,trách nhiệm,noun
rest,nghỉ ngơi,noun
result,kết quả,noun
return,trở lại,verb
reveal,tiết lộ,verb
rich,giàu,adjective
right,đúng,adjective
rise,tăng lên,verb
risk,rủi ro,noun
road,con đường,noun
rock,đá,noun
role,vai trò,noun
room,phòng,noun
rule,quy tắc,noun
run,chạy,verb
safe,an toàn,adjective
same,giống nhau,adjective
save,tiết kiệm,verb
say,nói,verb
scene,cảnh,noun
school,trường học,noun
science,khoa học,noun
scientist,nhà khoa học,noun
score,điểm,noun
sea,biển,noun
season,mùa,noun
seat,chỗ ngồi,noun
second,thứ hai,adjective
section,phần,noun
security,an ninh,noun
see,nhìn thấy,verb
seek,tìm kiếm,verb
seem,dường như,verb
sell,bán,verb
send,gửi,verb
senior,cao cấp,adjective
sense,cảm giác,noun
series,loạt,noun
serious,nghiêm trọng,adjective
serve,phục vụ,verb
service,dịch vụ,noun
set,đặt,verb
seven,bảy,numeral
several,một vài,determiner
sex,giới tính,noun
sexual,tình dục,adjective
shake,lắc,verb
share,chia sẻ,verb
she,cô ấy,pronoun
shoot,bắn,verb
short,ngắn,adjective
should,nên,modal
shoulder,vai,noun
show,cho thấy,verb
side,bên,noun
sign,dấu hiệu,noun
significant,quan trọng,adjective
similar,tương tự,adjective
simple,đơn giản,adjective
simply,đơn giản,adverb
since,kể từ,preposition
sing,hát,verb
single,đơn lẻ,adjective
sister,chị em gái,noun
sit,ngồi,verb
site,trang web,noun
situation,tình huống,noun
six,sáu,numeral
size,kích thước,noun
skill,kỹ năng,noun
skin,da,noun
small,nhỏ,adjective
smile,mỉm cười,verb
so,vì vậy,conjunction
social,xã hội,adjective
society,xã hội,noun
soldier,binh sĩ,noun
some,một vài,determiner
somebody,ai đó,pronoun
someone,ai đó,pronoun
something,điều gì đó,pronoun
sometimes,đôi khi,adverb
son,con trai,noun
song,bài hát,noun
soon,sớm,adverb
sort,loại,noun
sound,âm thanh,noun
source,nguồn,noun
south,nam,noun
space,không gian,noun
speak,nói,verb
special,đặc biệt,adjective
specific,cụ thể,adjective
speech,bài phát biểu,noun
spend,chi tiêu,verb
sport,thể thao,noun
spring,mùa xuân,noun
staff,nhân viên,noun
stage,giai đoạn,noun
stand,đứng,verb
standard,tiêu chuẩn,noun
star,ngôi sao,noun
start,bắt đầu,verb
state,trạng thái,noun
statement,tuyên bố,noun
station,nhà ga,noun
stay,ở lại,verb
step,bước,noun
still,vẫn,adverb
stock,cổ phiếu,noun
stop,dừng lại,verb
store,cửa hàng,noun
story,câu chuyện,noun
strategy,chiến lược,noun
street,đường phố,noun
strong,mạnh,adjective
structure,cấu trúc,noun
student,học sinh,noun
study,học,verb
stuff,đồ đạc,noun
style,phong cách,noun
subject,chủ đề,noun
success,thành công,noun
successful,thành công,adjective
such,như vậy,determiner
suddenly,đột nhiên,adverb
suffer,chịu đựng,verb
suggest,đề xuất,verb
summer,mùa hè,noun
support,hỗ trợ,noun
sure,chắc chắn,adjective
surface,bề mặt,noun
system,hệ thống,noun
table,bàn,noun
take,lấy,verb
talk,nói chuyện,verb
task,nhiệm vụ,noun
teach,dạy,verb
teacher,giáo viên,noun
team,đội,noun
technology,công nghệ,noun
television,truyền hình,noun
tell,nói,verb
ten,mười,numeral
tend,có xu hướng,verb
term,thuật ngữ,noun
test,kiểm tra,noun
than,hơn,conjunction
thank,cảm ơn,verb
that,đó,pronoun
the,hư từ,determiner
their,của họ,pronoun
them,họ,pronoun
themselves,chính họ,pronoun
then,sau đó,adverb
theory,lý thuyết,noun
there,ở đó,adverb
these,những cái này,pronoun
they,họ,pronoun
thing,vật,noun
think,suy nghĩ,verb
third,thứ ba,adjective
this,điều này,pronoun
those,những cái đó,pronoun
though,mặc dù,conjunction
thought,suy nghĩ,noun
thousand,nghìn,numeral
threat,mối đe dọa,noun
three,ba,numeral
through,xuyên qua,preposition
throughout,xuyên suốt,preposition
throw,ném,verb
thus,vì thế,adverb
time,thời gian,noun
to,đến,preposition
today,hôm nay,adverb
together,cùng nhau,adverb
tonight,tối nay,adverb
too,quá,adverb
top,đỉnh,noun
total,tổng,adjective
tough,khó khăn,adjective
toward,hướng tới,preposition
town,thị trấn,noun
trade,thương mại,noun
traditional,truyền thống,adjective
training,đào tạo,noun
travel,du lịch,verb
treat,đối xử,verb
treatment,điều trị,noun
tree,cây,noun
trial,phiên tòa,noun
trip,chuyến đi,noun
trouble,rắc rối,noun
true,đúng,adjective
truth,sự thật,noun
try,cố gắng,verb
turn,quay,verb
two,hai,numeral
type,loại,noun
under,dưới,preposition
understand,hiểu,verb
unit,đơn vị,noun
until,cho đến khi,preposition
up,lên,adverb
upon,trên,preposition
us,chúng tôi,pronoun
use,sử dụng,verb
usually,thường,adverb
value,giá trị,noun
various,khác nhau,adjective
very,rất,adverb
victim,nạn nhân,noun
view,quan điểm,noun
violence,bạo lực,noun
visit,thăm,verb
voice,giọng nói,noun
vote,bỏ phiếu,verb
wait,chờ,verb
walk,đi bộ,verb
wall,tường,noun
want,muốn,verb
war,chiến tranh,noun
watch,xem,verb
water,nước,noun
way,cách,noun
weapon,vũ khí,noun
wear,mặc,verb
week,tuần,noun
weight,trọng lượng,noun
well,tốt,adverb
west,tây,noun
what,cái gì,pronoun
whatever,bất cứ điều gì,pronoun
when,khi nào,adverb
where,ở đâu,adverb
whether,liệu rằng,conjunction
which,cái nào,pronoun
while,trong khi,conjunction
white,trắng,adjective
who,ai,pronoun
whole,toàn bộ,adjective
whom,ai,pronoun
whose,của ai,pronoun
why,tại sao,adverb
wide,rộng,adjective
wife,vợ,noun
will,sẽ,modal
win,chiến thắng,verb
wind,gió,noun
window,cửa sổ,noun
wish,ước,verb
with,với,preposition
within,trong,preposition
without,không có,preposition
woman,phụ nữ,noun
wonder,tự hỏi,verb
word,từ,noun
work,làm việc,verb
worker,công nhân,noun
world,thế giới,noun
worry,lo lắng,verb
write,viết,verb
writer,nhà văn,noun
wrong,sai,adjective
yard,sân,noun
yeah,vâng,interjection
year,năm,noun
yes,có,interjection
yet,chưa,adverb
young,trẻ,adjective
your,của bạn,pronoun
yourself,chính bạn,pronoun
abandon,từ bỏ,verb
absolute,tuyệt đối,adjective
absorb,hấp thụ,verb
abstract,trừu tượng,adjective
academic,học thuật,adjective
accelerate,tăng tốc,verb
accessible,có thể tiếp cận,adjective
accompany,đi cùng,verb
accomplish,hoàn thành,verb
accord,phù hợp,noun
account,tài khoản,noun
accuse,cáo buộc,verb
achieve,đạt được,verb
acknowledge,thừa nhận,verb
acquire,thu được,verb
adapt,thích nghi,verb
adequate,đầy đủ,adjective
adjust,điều chỉnh,verb
administration,chính quyền,noun
admire,ngưỡng mộ,verb
adopt,nhận nuôi,verb
advance,tiến lên,verb
advanced,nâng cao,adjective
advertise,quảng cáo,verb
advertisement,quảng cáo,noun
advise,khuyên,verb
affair,chuyện,noun
agency,cơ quan,noun
agenda,chương trình nghị sự,noun
aggressive,hung hăng,adjective
aid,viện trợ,noun
aim,mục tiêu,noun
alarm,báo động,noun
album,album,noun
alert,cảnh báo,adjective
alien,người ngoài hành tinh,noun
alike,giống nhau,adjective
alive,còn sống,adjective
alter,thay đổi,verb
alternative,thay thế,noun
amazing,tuyệt vời,adjective
ambition,tham vọng,noun
analysis,phân tích,noun
analyze,phân tích,verb
ancestor,tổ tiên,noun
angle,góc,noun
announce,thông báo,verb
annual,hàng năm,adjective
anxiety,lo lắng,noun
anxious,lo lắng,adjective
anyway,dù sao,adverb
apart,tách rời,adverb
apparent,rõ ràng,adjective
appeal,kháng cáo,verb
appoint,bổ nhiệm,verb
appreciate,đánh giá cao,verb
approach,tiếp cận,verb
appropriate,phù hợp,adjective
approval,sự chấp thuận,noun
approve,phê duyệt,verb
approximately,xấp xỉ,adverb
architect,kiến trúc sư,noun
architecture,kiến trúc,noun
argue,tranh cãi,verb
argument,lập luận,noun
arise,nảy sinh,verb
armed,có vũ trang,adjective
arrange,sắp xếp,verb
arrangement,sự sắp xếp,noun
arrest,bắt giữ,verb
arrival,sự đến,noun
artificial,nhân tạo,adjective
ash,tro,noun
aside,sang một bên,adverb
aspect,khía cạnh,noun
assess,đánh giá,verb
assessment,sự đánh giá,noun
asset,tài sản,noun
assign,phân công,verb
assignment,bài tập,noun
assist,hỗ trợ,verb
assistance,sự giúp đỡ,noun
associate,liên kết,verb
association,hiệp hội,noun
assume,giả định,verb
assumption,giả định,noun
assure,đảm bảo,verb
athlete,vận động viên,noun
atmosphere,bầu không khí,noun
attach,đính kèm,verb
attack,cuộc tấn công,noun
attempt,cố gắng,noun
attend,tham dự,verb
attention,sự chú ý,noun
attitude,thái độ,noun
attract,thu hút,verb
attractive,hấp dẫn,adjective
attribute,thuộc tính,noun
audience,khán giả,noun
authority,chính quyền,noun
automatic,tự động,adjective
automatically,tự động,adverb
available,có sẵn,adjective
average,trung bình,adjective
award,giải thưởng,noun
aware,nhận thức,adjective
awareness,sự nhận thức,noun
awful,tệ hại,adjective
background,nền tảng,noun
badly,tệ,adverb
bare,trần,adjective
barely,hầu như không,adverb
barrier,rào cản,noun
base,dựa vào,verb
battle,trận chiến,noun
beach,bãi biển,noun
bear,gấu,noun
beat,đánh bại,verb
beauty,vẻ đẹp,noun
beg,xin,verb
beginning,sự bắt đầu,noun
being,sinh vật,noun
belong,thuộc về,verb
below,dưới,preposition
beneath,bên dưới,preposition
beside,bên cạnh,preposition
besides,ngoài ra,preposition
bet,cá cược,verb
beyond,vượt quá,preposition
bias,thiên vị,noun
bid,giá thầu,noun
bind,buộc,verb
biological,sinh học,adjective
birth,sinh ra,verb
bitter,đắng,adjective
blame,đổ lỗi,verb
blank,trống,adjective
blind,mù,adjective
block,khối,noun
blow,thổi,verb
board,lên tàu,verb
bond,mối liên kết,noun
bone,xương,noun
border,biên giới,noun
borrow,mượn,verb
boss,sếp,noun
bother,làm phiền,verb
bottle,chất lỏng,noun
bottom,đáy,noun
boundary,ranh giới,noun
brain,não,noun
branch,chi nhánh,noun
brand,thương hiệu,noun
brave,dũng cảm,adjective
breath,hơi thở,noun
breathe,thở,verb
brick,gạch,noun
brief,ngắn gọn,adjective
bright,sáng,adjective
brilliant,xuất sắc,adjective
broad,rộng,adjective
broadcast,phát sóng,verb
brush,bàn chải,noun
budget,ngân sách,noun
bullet,đạn,noun
bunch,bó,noun
burden,gánh nặng,noun
burn,đốt,verb
bury,chôn,verb
button,nút,noun
calculate,tính toán,verb
calculation,phép tính,noun
calendar,lịch,noun
calm,bình tĩnh,adjective
camp,trại,noun
campaign,vận động,verb
campus,khuôn viên,noun
cap,mũ,noun
capacity,sức chứa,noun
capture,bắt giữ,verb
carbon,carbon,noun
card,thẻ,noun
careful,cẩn thận,adjective
carefully,cẩn thận,adverb
carrier,người vận chuyển,noun
cash,tiền mặt,noun
cast,ném,verb
category,danh mục,noun
ceiling,trần nhà,noun
celebrate,kỷ niệm,verb
celebration,lễ kỷ niệm,noun
cellular,thuộc tế bào,adjective
cement,xi măng,noun
chain,chuỗi,noun
chairman,chủ tịch,noun
challenge,thách thức,noun
champion,nhà vô địch,noun
channel,kênh,noun
chapter,chương,noun
characteristic,đặc điểm,noun
charity,từ thiện,noun
chart,biểu đồ,noun
cheap,rẻ,adjective
cheat,gian lận,verb
chemical,hóa chất,noun
chest,ngực,noun
chief,người đứng đầu,noun
childhood,thời thơ ấu,noun
chip,vi mạch,noun
circle,vòng tròn,noun
cite,trích dẫn,verb
citizen,công dân,noun
civilian,dân thường,noun
classic,kinh điển,adjective
climate,khí hậu,noun
clinical,lâm sàng,adjective
clock,đồng hồ,noun
cloud,mây,noun
cluster,cụm,noun
coach,huấn luyện,verb
coal,than đá,noun
coast,bờ biển,noun
code,mã,noun
collapse,sụp đổ,verb
colleague,đồng nghiệp,noun
collect,thu thập,verb
collection,bộ sưu tập,noun
colony,thuộc địa,noun
column,cột,noun
combination,sự kết hợp,noun
combine,kết hợp,verb
comfort,thoải mái,noun
comfortable,thoải mái,adjective
command,mệnh lệnh,noun
comment,bình luận,noun
commercial,quảng cáo,noun
commission,hoa hồng,noun
commit,cam kết,verb
commitment,sự cam kết,noun
committee,ủy ban,noun
communicate,giao tiếp,verb
communication,giao tiếp,noun
community,cộng đồng,noun
companion,bạn đồng hành,noun
company,đồng hành,verb
compare,so sánh,verb
comparison,sự so sánh,noun
compete,cạnh tranh,verb
competition,sự cạnh tranh,noun
competitive,cạnh tranh,adjective
complain,phàn nàn,verb
complaint,lời phàn nàn,noun
complete,hoàn thành,verb
complex,phức tạp,adjective
complicated,phức tạp,adjective
component,thành phần,noun
compose,sáng tác,verb
composition,bố cục,noun
compound,hợp chất,noun
comprehensive,toàn diện,adjective
concentrate,tập trung,verb
concentration,sự tập trung,noun
concept,khái niệm,noun
concern,lo lắng,verb
concert,buổi hòa nhạc,noun
conclude,kết luận,verb
conclusion,kết luận,noun
concrete,bê tông,noun
confident,tự tin,adjective
confirm,xác nhận,verb
conflict,xung đột,noun
confuse,làm bối rối,verb
confusion,sự bối rối,noun
connect,kết nối,verb
connection,kết nối,noun
conscious,có ý thức,adjective
consensus,đồng thuận,noun
consent,đồng ý,noun
consequence,hậu quả,noun
conservative,bảo thủ,adjective
considerable,đáng kể,adjective
consistent,nhất quán,adjective
constant,liên tục,adjective
construct,xây dựng,verb
construction,sự xây dựng,noun
consult,tham khảo,verb
contact,liên hệ,noun
contemporary,đương đại,adjective
content,nội dung,noun
contest,cuộc thi,noun
context,bối cảnh,noun
continent,lục địa,noun
continue,tiếp diễn,verb
contract,hợp đồng,noun
contrast,đối lập,noun
contribute,đóng góp,verb
contribution,sự đóng góp,noun
controversial,gây tranh cãi,adjective
convention,hội nghị,noun
conventional,truyền thống,adjective
convert,chuyển đổi,verb
convince,thuyết phục,verb
cook,nấu ăn,verb
cookie,bánh quy,noun
cool,mát,adjective
cooperate,hợp tác,verb
cope,đối phó,verb
core,lõi,noun
corporate,doanh nghiệp,adjective
correct,sửa,verb
correspond,tương ứng,verb
costly,đắt đỏ,adjective
cotton,bông,noun
council,hội đồng,noun
counsel,tư vấn,noun
counter,quầy,noun
county,quận,noun
courage,dũng khí,noun
crack,vết nứt,noun
craft,thủ công,noun
crash,va chạm,noun
crazy,điên,adjective
cream,kem,noun
creative,sáng tạo,adjective
creature,sinh vật,noun
credit,tín dụng,noun
crew,phi hành đoàn,noun
critic,nhà phê bình,noun
critical,phê bình,adjective
criticism,sự chỉ trích,noun
criticize,chỉ trích,verb
crop,mùa màng,noun
crowd,đám đông,noun
crucial,quan trọng,adjective
cry,khóc,verb
cultural,văn hóa,adjective
curious,tò mò,adjective
currency,tiền tệ,noun
current,dòng điện,noun
curve,đường cong,noun
custom,phong tục,noun
cycle,chu kỳ,noun
daily,hàng ngày,adjective
damage,thiệt hại,noun
danger,nguy hiểm,noun
dangerous,nguy hiểm,adjective
dare,dám,verb
data,dữ kiện,noun
date,ngày tháng,noun
deal,thỏa thuận,verb
dealer,người buôn,noun
dear,thân mến,adjective
debate,tranh luận,verb
debt,nợ,noun
decade,thập kỷ,noun
declare,tuyên bố,verb
decline,suy giảm,verb
decorate,trang trí,verb
decrease,giảm,verb
deeply,sâu sắc,adverb
defeat,đánh bại,noun
defend,bảo vệ,verb
defendant,bị cáo,noun
define,định nghĩa,verb
definition,định nghĩa,noun
delay,trì hoãn,verb
deliver,giao hàng,verb
delivery,sự giao hàng,noun
demand,nhu cầu,noun
demonstrate,chứng minh,verb
deny,phủ nhận,verb
department,bộ phận,noun
depend,phụ thuộc,verb
dependent,phụ thuộc,adjective
deposit,tiền gửi,noun
depress,làm chán nản,verb
depth,độ sâu,noun
derive,bắt nguồn,verb
describe,mô tả,verb
desert,sa mạc,noun
deserve,xứng đáng,verb
design,thiết kế,verb
desire,mong muốn,noun
desk,bàn làm việc,noun
despite,mặc dù,preposition
destination,điểm đến,noun
destroy,phá hủy,verb
detail,chi tiết,verb
detect,phát hiện,verb
determine,xác định,verb
develop,phát triển,verb
device,thiết bị,noun
devote,dành cho,verb
dialogue,đối thoại,noun
diet,chế độ ăn,noun
differ,khác,verb
digital,kỹ thuật số,adjective
dimension,kích thước,noun
dinner,bữa tối,noun
direct,trực tiếp,adjective
directly,trực tiếp,adverb
dirt,bụi bẩn,noun
disappear,biến mất,verb
disaster,thảm họa,noun
discipline,kỷ luật,noun
discount,giảm giá,noun
discover,khám phá,verb
discovery,phát hiện,noun
discrimination,phân biệt đối xử,noun
display,trưng bày,verb
distance,khoảng cách,noun
distinct,riêng biệt,adjective
distribute,phân phối,verb
distribution,sự phân phối,noun
district,quận,noun
diverse,đa dạng,adjective
divide,chia,verb
division,sự phân chia,noun
divorce,ly hôn,noun
document,tài liệu,noun
domestic,trong nước,adjective
dominate,thống trị,verb
donate,quyên góp,verb
double,gấp đôi,adjective
doubt,nghi ngờ,noun
draft,bản nháp,noun
drag,kéo,verb
drama,kịch,noun
dramatic,kịch tính,adjective
dress,váy,noun
drill,khoan,verb
drink,uống,noun
drive,ổ đĩa,noun
driver,tài xế,noun
dry,khô,adjective
due,đến hạn,adjective
dust,bụi,noun
duty,nhiệm vụ,noun
earn,kiếm,verb
earth,trái đất,noun
ease,dễ dàng,noun
eastern,phía đông,adjective
editor,biên tập viên,noun
efficient,hiệu quả,adjective
efficiently,hiệu quả,adverb
elderly,người già,adjective
elect,bầu chọn,verb
electric,điện,adjective
electronic,điện tử,adjective
element,yếu tố,noun
eliminate,loại bỏ,verb
elite,tinh hoa,noun
else,khác,adverb
embrace,ôm,verb
emerge,xuất hiện,verb
emergency,khẩn cấp,noun
emission,sự phát thải,noun
emotion,cảm xúc,noun
emotional,xúc động,adjective
emphasis,sự nhấn mạnh,noun
emphasize,nhấn mạnh,verb
employ,tuyển dụng,verb
employee,nhân công,noun
employer,chủ lao động,noun
empty,trống rỗng,adjective
enable,cho phép,verb
encounter,gặp phải,verb
encourage,khuyến khích,verb
endless,vô tận,adjective
endorse,ủng hộ,verb
enemy,kẻ thù,noun
engage,tham gia,verb
engine,động cơ,noun
engineer,kỹ sư,noun
enhance,tăng cường,verb
enormous,khổng lồ,adjective
ensure,đảm bảo,verb
enter,đi vào,verb
enterprise,doanh nghiệp,noun
entertain,giải trí,verb
enthusiasm,sự nhiệt tình,noun
entirely,hoàn toàn,adverb
entrance,lối vào,noun
entry,mục nhập,noun
environmental,môi trường,adjective
episode,tập phim,noun
equal,bằng nhau,adjective
equally,bình đẳng,adverb
equipment,thiết bị,noun
error,lỗi,noun
escape,thoát,verb
especially,đặc biệt,adverb
essay,bài luận,noun
essential,cần thiết,adjective
establish,thiết lập,verb
estate,bất động sản,noun
estimate,ước tính,verb
ethical,đạo đức,adjective
evaluate,đánh giá,verb
evaluation,sự đánh giá,noun
even,thậm chí,adverb
eventually,cuối cùng,adverb
evolve,tiến hóa,verb
exact,chính xác,adjective
exactly,chính xác,adverb
examine,kiểm tra,verb
example,ví dụ,noun
exceed,vượt quá,verb
excellent,xuất sắc,adjective
exchange,trao đổi,noun
exciting,thú vị,adjective
exclude,loại trừ,verb
excuse,lý do,noun
executive,giám đốc điều hành,noun
exercise,tập thể dục,noun
exhibit,trưng bày,noun
existence,sự tồn tại,noun
expand,mở rộng,verb
expansion,sự mở rộng,noun
expectation,kỳ vọng,noun
expense,chi phí,noun
expensive,đắt tiền,adjective
experiment,thí nghiệm,noun
expertise,chuyên môn,noun
explain,giải thích,verb
explore,khám phá,verb
explosion,vụ nổ,noun
expose,phơi bày,verb
exposure,sự phơi bày,noun
express,diễn đạt,verb
expression,sự biểu đạt,noun
extend,mở rộng,verb
extension,phần mở rộng,noun
extensive,rộng lớn,adjective
extent,mức độ,noun
external,bên ngoài,adjective
extra,thêm,adjective
extraordinary,phi thường,adjective
extreme,cực đoan,adjective
extremely,cực kỳ,adverb
facility,cơ sở vật chất,noun
fair,công bằng,adjective
fairly,khá,adverb
faith,đức tin,noun
familiar,quen thuộc,adjective
famous,nổi tiếng,adjective
fancy,ưa thích,verb
fantastic,tuyệt vời,adjective
farm,nông trại,noun
farmer,nông dân,noun
fashion,thời trang,noun
fate,số phận,noun
fault,lỗi,noun
favor,ủng hộ,noun
favorite,yêu thích,adjective
feature,đặc điểm,noun
federal,liên bang,adjective
fee,lệ phí,noun
feed,cho ăn,verb
feedback,phản hồi,noun
female,nữ,adjective
fence,hàng rào,noun
festival,lễ hội,noun
fiction,tiểu thuyết,noun
fifteen,mười lăm,numeral
fifty,năm mươi,numeral
fight,cuộc chiến,noun
figure,số liệu,noun
file,tập tin,noun
finance,tài chính,noun
financial,tài chính,adjective
finding,phát hiện,noun
firm,kiên định,adjective
fitness,sức khỏe,noun
fix,sửa chữa,verb
flag,cờ,noun
flash,đèn nháy,noun
flat,căn hộ,noun
flexible,linh hoạt,adjective
flight,chuyến bay,noun
float,nổi,verb
flood,lũ lụt,noun
flow,dòng chảy,noun
fluid,chất lỏng,noun
fold,gấp,verb
folk,dân gian,noun
following,tiếp theo,adjective
forbid,cấm,verb
force,bắt buộc,verb
forecast,dự báo,noun
forehead,trán,noun
forest,rừng,noun
forever,mãi mãi,adverb
formal,trang trọng,adjective
format,định dạng,noun
formation,sự hình thành,noun
fortune,vận may,noun
foundation,nền tảng,noun
frame,khung,noun
framework,khuôn khổ,noun
freedom,tự do,noun
frequent,thường xuyên,adjective
frequently,thường xuyên,adverb
fresh,tươi,adjective
friendship,tình bạn,noun
frighten,làm sợ,verb
fruit,trái cây,noun
fuel,nhiên liệu,noun
fully,hoàn toàn,adverb
function,chức năng,noun
fundamental,cơ bản,adjective
funny,hài hước,adjective
further,xa hơn,adverb
furthermore,hơn nữa,adverb
gain,đạt được,noun
gap,khoảng cách,noun
garage,ga ra,noun
gather,tập hợp,verb
gear,bánh răng,noun
gene,gen,noun
general,general,noun
generate,tạo ra,verb
generation,thế hệ,noun
genius,thiên tài,noun
gentle,nhẹ nhàng,adjective
genuine,chân thật,adjective
gesture,cử chỉ,noun
giant,khổng lồ,noun
gift,món quà,noun
global,toàn cầu,adjective
globe,địa cầu,noun
gold,vàng,noun
golden,vàng,adjective
grade,điểm số,noun
gradually,dần dần,adverb
graduate,tốt nghiệp,verb
grain,hạt,noun
grant,cấp,verb
grass,cỏ,noun
grave,mộ,noun
gray,xám,adjective
greatly,rất nhiều,adverb
greet,chào,verb
grocery,tạp hóa,noun
guarantee,bảo đảm,noun
guard,bảo vệ,noun
guidance,hướng dẫn,noun
guide,hướng dẫn viên,noun
guilty,có tội,adjective
habit,thói quen,noun
habitat,môi trường sống,noun
handle,xử lý,verb
harm,tổn hại,noun
harmful,có hại,adjective
harvest,thu hoạch,noun
hat,mũ,noun
hate,ghét,verb
headline,tiêu đề,noun
heal,chữa lành,verb
healthy,khỏe mạnh,adjective
hearing,thính giác,noun
heaven,thiên đường,noun
heel,gót chân,noun
height,chiều cao,noun
helicopter,trực thăng,noun
hell,địa ngục,noun
hence,vì vậy,adverb
herb,thảo mộc,noun
hidden,ẩn,adjective
highlight,làm nổi bật,verb
highly,rất,adverb
highway,xa lộ,noun
hire,thuê,verb
historical,lịch sử,adjective
honest,trung thực,adjective
honor,danh dự,noun
horror,kinh dị,noun
host,chủ nhà,noun
household,hộ gia đình,noun
housing,nhà ở,noun
humor,hài hước,noun
hunt,săn,verb
hurry,vội vàng,verb
hurt,làm đau,verb
ideal,lý tưởng,adjective
identify,xác nhận,verb
identity,danh tính,noun
ignore,phớt lờ,verb
ill,bệnh,adjective
illegal,bất hợp pháp,adjective
illustrate,minh họa,verb
image,hình tượng,noun
immediate,ngay lập tức,adjective
immediately,ngay lập tức,adverb
immigrant,người nhập cư,noun
impact,ảnh hưởng,verb
implement,thực hiện,verb
implication,hàm ý,noun
imply,hàm ý,verb
import,nhập khẩu,noun
importance,tầm quan trọng,noun
impose,áp đặt,verb
impossible,không thể,adjective
impress,gây ấn tượng,verb
impression,ấn tượng,noun
impressive,ấn tượng,adjective
improvement,sự cải thiện,noun
incentive,động lực,noun
incident,sự cố,noun
include,bao gồm,verb
income,thu nhập,noun
increasingly,ngày càng,adverb
independence,sự độc lập,noun
independent,độc lập,adjective
index,chỉ số,noun
indicate,chỉ ra,verb
individual,cá nhân,adjective
indoor,trong nhà,adjective
industrial,công nghiệp,adjective
infant,trẻ sơ sinh,noun
infect,lây nhiễm,verb
inflation,lạm phát,noun
influence,ảnh hưởng,noun
inform,thông báo,verb
initial,ban đầu,adjective
initiative,sáng kiến,noun
injury,chấn thương,noun
inner,bên trong,adjective
innocent,vô tội,adjective
input,đầu vào,noun
inquiry,cuộc điều tra,noun
insight,hiểu biết sâu sắc,noun
insist,khăng khăng,verb
inspect,kiểm tra,verb
inspection,sự kiểm tra,noun
inspire,truyền cảm hứng,verb
install,cài đặt,verb
instance,ví dụ,noun
instead,thay vì,adverb
institution,tổ chức,noun
instruction,hướng dẫn,noun
instrument,nhạc cụ,noun
insurance,bảo hiểm,noun
intellectual,trí tuệ,adjective
intelligence,trí thông minh,noun
intend,dự định,verb
intense,mãnh liệt,adjective
intensity,cường độ,noun
intention,ý định,noun
interaction,sự tương tác,noun
interest,quan tâm,verb
internal,nội bộ,adjective
interpret,giải thích,verb
interpretation,sự diễn giải,noun
intervention,sự can thiệp,noun
interview,phỏng vấn,verb
introduce,giới thiệu,verb
introduction,sự giới thiệu,noun
invest,đầu tư,verb
investigate,điều tra,verb
investigation,cuộc điều tra,noun
investor,nhà đầu tư,noun
invisible,vô hình,adjective
involve,liên quan,verb
iron,sắt,noun
island,đảo,noun
issue,phát hành,verb
item,mặt hàng,noun
jacket,áo khoác,noun
jail,nhà tù,noun
jam,mứt,noun
jet,máy bay phản lực,noun
jewelry,trang sức,noun
joint,khớp,noun
journal,tạp chí,noun
journalist,nhà báo,noun
journey,hành trình,noun
joy,niềm vui,noun
judge,thẩm phán,noun
judgment,phán quyết,noun
juice,nước ép,noun
jump,nhảy,verb
junior,trẻ hơn,adjective
jury,bồi thẩm đoàn,noun
justice,công lý,noun
justify,biện minh,verb
keen,nhiệt tình,adjective
kick,đá,verb
kill,giết,verb
kilometer,ki lô mét,noun
kindness,lòng tốt,noun
king,vua,noun
kiss,hôn,verb
knee,đầu gối,noun
knife,dao,noun
knock,gõ,verb
lab,phòng thí nghiệm,noun
label,nhãn,noun
labor,lao động,noun
laboratory,phòng thí nghiệm,noun
lack,thiếu,verb
ladder,thang,noun
lady,quý bà,noun
lake,hồ,noun
lamp,đèn,noun
landscape,cảnh quan,noun
lane,làn đường,noun
laptop,máy tính xách tay,noun
largely,phần lớn,adverb
laser,laser,noun
later,sau này,adverb
latter,sau,adjective
launch,phóng,verb
lawful,hợp pháp,adjective
lawn,bãi cỏ,noun
layer,lớp,noun
league,giải đấu,noun
lean,dựa,verb
leap,nhảy vọt,verb
leather,da thuộc,noun
lecture,bài giảng,noun
legalize,hợp pháp hóa,verb
legend,huyền thoại,noun
leisure,giải trí,noun
lend,cho mượn,verb
length,chiều dài,noun
lesson,bài học,noun
liberal,tự do,adjective
library,thư viện,noun
license,giấy phép,noun
lie,nói dối,verb
lifestyle,lối sống,noun
lifetime,cả đời,noun
lift,nâng lên,verb
limit,giới hạn,noun
limited,hạn chế,adjective
link,liên kết,noun
liquid,chất lỏng,noun
literature,văn học,noun
load,tải,verb
loan,khoản vay,noun
location,vị trí,noun
lock,khóa,verb
logical,hợp lý,adjective
lonely,cô đơn,adjective
loose,lỏng,adjective
lord,lãnh chúa,noun
loud,ồn ào,adjective
lovely,đáng yêu,adjective
loyal,trung thành,adjective
luck,may mắn,noun
lucky,may mắn,adjective
lunch,bữa trưa,noun
luxury,xa xỉ,noun
mad,tức giận,adjective
magic,ma thuật,noun
mail,thư tín,noun
mainly,chủ yếu,adverb
maintain,duy trì,verb
maintenance,bảo trì,noun
majority,đa số,noun
male,nam,adjective
mall,trung tâm thương mại,noun
manner,cách thức,noun
manufacturer,nhà sản xuất,noun
map,bản đồ,noun
margin,lề,noun
marine,hải quân,adjective
mark,đánh dấu,verb
marketing,tiếp thị,noun
marry,kết hôn,verb
mass,khối lượng,noun
master,bậc thầy,noun
match,trận đấu,noun
mate,bạn đời,noun
maximum,tối đa,adjective
meal,bữa ăn,noun
meanwhile,trong khi đó,adverb
measure,thước đo,noun
mechanism,cơ chế,noun
media,truyền thông,noun
median,trung vị,noun
medicine,y học,noun
medium,trung bình,noun
melody,giai điệu,noun
melt,tan chảy,verb
membership,tư cách thành viên,noun
mental,tinh thần,adjective
mere,chỉ là,adjective
merely,chỉ,adverb
mess,bừa bộn,noun
metal,kim loại,noun
meter,mét,noun
methodology,phương pháp luận,noun
midnight,nửa đêm,noun
milestone,cột mốc,noun
military,quân sự,adjective
milk,sữa,noun
mill,cối xay,noun
mindset,tư duy,noun
mine,mỏ,noun
mineral,khoáng sản,noun
minimum,tối thiểu,adjective
minister,bộ trưởng,noun
minor,nhỏ,adjective
minority,thiểu số,noun
miracle,phép màu,noun
mirror,gương,noun
mislead,đánh lừa,verb
missile,tên lửa,noun
mistake,lỗi lầm,noun
mix,trộn,verb
mixture,hỗn hợp,noun
mobile,di động,adjective
mode,chế độ,noun
modify,sửa đổi,verb
monitor,giám sát,noun
mood,tâm trạng,noun
moral,đạo đức,noun
moreover,hơn nữa,adverb
mortgage,thế chấp,noun
mostly,chủ yếu,adverb
motion,chuyển động,noun
motivate,tạo động lực,verb
motivation,động lực,noun
motor,động cơ,noun
mountain,núi,noun
mouse,chuột,noun
multiple,nhiều,adjective
murder,giết người,noun
muscle,cơ bắp,noun
museum,bảo tàng,noun
mutual,lẫn nhau,adjective
mystery,bí ẩn,noun
myth,huyền thoại,noun
nail,móng tay,noun
naked,trần truồng,adjective
narrative,tường thuật,noun
narrow,hẹp,adjective
nasty,xấu xa,adjective
nationwide,toàn quốc,adjective
native,bản địa,adjective
naturally,tự nhiên,adverb
navy,hải quân,noun
nearby,gần đó,adjective
neat,gọn gàng,adjective
necessarily,nhất thiết,adverb
negative,tiêu cực,adjective
neglect,bỏ bê,verb
negotiate,đàm phán,verb
negotiation,cuộc đàm phán,noun
neighbor,hàng xóm,noun
neighborhood,khu phố,noun
nerve,dây thần kinh,noun
nervous,lo lắng,adjective
net,mạng,noun
nevertheless,tuy nhiên,adverb
newly,mới,adverb
nickel,niken,noun
noisy,ồn ào,adjective
nominate,đề cử,verb
nomination,đề cử,noun
nonetheless,tuy vậy,adverb
nonsense,vô nghĩa,noun
norm,chuẩn mực,noun
normally,bình thường,adverb
northern,phía bắc,adjective
notable,đáng chú ý,adjective
notion,khái niệm,noun
novel,tiểu thuyết,noun
nowadays,ngày nay,adverb
nuclear,hạt nhân,adjective
numerous,nhiều,adjective
nutrition,dinh dưỡng,noun
object,đồ vật,noun
objective,mục tiêu,noun
obligation,nghĩa vụ,noun
observation,sự quan sát,noun
observe,quan sát,verb
observer,người quan sát,noun
obtain,đạt được,verb
obvious,rõ ràng,adjective
obviously,rõ ràng,adverb
occasion,dịp,noun
occasionally,thỉnh thoảng,adverb
occupation,nghề nghiệp,noun
occupy,chiếm,verb
odd,lạ,adjective
offense,xúc phạm,noun
offensive,xúc phạm,adjective
official,chính thức,noun
offshore,ngoài khơi,adjective
ongoing,đang diễn ra,adjective
online,trực tuyến,adjective
onto,lên trên,preposition
opening,sự mở đầu,noun
operate,vận hành,verb
operator,người vận hành,noun
opinion,ý kiến,noun
opponent,đối thủ,noun
oppose,phản đối,verb
opposite,đối diện,adjective
optimistic,lạc quan,adjective
oral,bằng miệng,adjective
orange,cam,noun
orbit,quỹ đạo,noun
organ,cơ quan,noun
organic,hữu cơ,adjective
organize,tổ chức,verb
orientation,định hướng,noun
origin,nguồn gốc,noun
original,nguyên bản,adjective
originally,ban đầu,adverb
otherwise,nếu không,adverb
ought,nên,modal
ourselves,chính chúng tôi,pronoun
outcome,kết quả,noun
outdoor,ngoài trời,adjective
outer,bên ngoài,adjective
outline,dàn ý,noun
output,đầu ra,noun
overall,tổng thể,adjective
overcome,vượt qua,verb
overlook,bỏ qua,verb
overnight,qua đêm,adverb
overseas,hải ngoại,adjective
owe,nợ,verb
pace,tốc độ,noun
pack,đóng gói,verb
package,gói hàng,noun
painful,đau đớn,adjective
pale,nhợt nhạt,adjective
panel,bảng điều khiển,noun
panic,hoảng loạn,noun
paragraph,đoạn văn,noun
parallel,song song,adjective
parameter,tham số,noun
parental,thuộc cha mẹ,adjective
parking,bãi đỗ xe,noun
participant,người tham dự,noun
participate,tham gia,verb
particularly,đặc biệt,adverb
partly,một phần,adverb
passage,đoạn văn,noun
passenger,hành khách,noun
passion,đam mê,noun
patch,miếng vá,noun
path,con đường,noun
patient,kiên nhẫn,adjective
pause,tạm dừng,verb
peak,đỉnh,noun
peer,bạn đồng trang lứa,noun
penalty,hình phạt,noun
pension,lương hưu,noun
perceive,nhận thức,verb
percentage,phần trăm,noun
perception,nhận thức,noun
permanent,vĩnh viễn,adjective
permission,sự cho phép,noun
permit,giấy phép,noun
perspective,quan điểm,noun
persuade,thuyết phục,verb
phase,giai đoạn,noun
phenomenon,hiện tượng,noun
philosophy,triết học,noun
photograph,bức ảnh,noun
photographer,nhiếp ảnh gia,noun
phrase,cụm từ,noun
physical,thể chất,adjective
physician,bác sĩ,noun
physics,vật lý,noun
pile,đống,noun
pilot,phi công,noun
pink,hồng,adjective
pipe,ống,noun
pitch,sân,noun
plain,đơn giản,adjective
planet,hành tinh,noun
planning,lập kế hoạch,noun
plastic,nhựa,noun
plate,đĩa,noun
platform,nền tảng,noun
pleasant,dễ chịu,adjective
pleasure,niềm vui,noun
plenty,nhiều,noun
plot,cốt truyện,noun
plus,cộng,preposition
pocket,túi,noun
poem,bài thơ,noun
poet,nhà thơ,noun
poetry,thơ ca,noun
pointed,chỉ ra,adjective
pole,cực,noun
poll,cuộc thăm dò,noun
pollution,ô nhiễm,noun
pool,hồ bơi,noun
poorly,tệ,adverb
pop,nhạc pop,noun
population,dân cư,noun
port,cảng,noun
portion,phần,noun
portrait,chân dung,noun
pose,tạo dáng,verb
positive,tích cực,noun
possess,sở hữu,verb
possibility,khả năng,noun
post,bài đăng,noun
poster,áp phích,noun
potential,tiềm năng,noun
potentially,có thể,adverb
pour,rót,verb
poverty,nghèo đói,noun
powder,bột,noun
practical,thực tế,adjective
praise,khen ngợi,verb
pray,cầu nguyện,verb
precise,chính xác,adjective
precisely,chính xác,adverb
predict,dự đoán,verb
preference,sự ưa thích,noun
pregnant,mang thai,adjective
prejudice,định kiến,noun
preliminary,sơ bộ,adjective
premier,hàng đầu,adjective
premise,tiền đề,noun
premium,cao cấp,noun
preparation,sự chuẩn bị,noun
prescribe,kê đơn,verb
presence,sự hiện diện,noun
presentation,bài thuyết trình,noun
preserve,bảo tồn,verb
presumably,có lẽ,adverb
pretend,giả vờ,verb
previous,trước đó,adjective
previously,trước đây,adverb
pride,tự hào,noun
primarily,chủ yếu,adverb
primary,chính,adjective
prime,chính,adjective
principal,hiệu trưởng,noun
principle,nguyên tắc,noun
print,in,verb
prior,trước,adjective
priority,ưu tiên,noun
prison,nhà tù,noun
prisoner,tù nhân,noun
privacy,riêng tư,noun
procedure,thủ tục,noun
proceed,tiến hành,verb
proceeding,thủ tục,noun
proceeds,lợi nhuận,noun
profession,nghề nghiệp,noun
profile,hồ sơ,noun
profit,lợi nhuận,noun
programming,lập trình,noun
progress,tiến bộ,noun
progressive,tiến bộ,adjective
prohibit,cấm,verb
promise,lời hứa,noun
promote,thúc đẩy,verb
promotion,khuyến mãi,noun
prompt,nhanh chóng,adjective
proof,bằng chứng,noun
proper,đúng đắn,adjective
properly,đúng cách,adverb
property,tài sản,noun
proportion,tỷ lệ,noun
proposal,đề xuất,noun
propose,đề xuất,verb
prospect,triển vọng,noun
protective,bảo vệ,adjective
protein,chất đạm,noun
protest,phản đối,noun
proud,tự hào,adjective
prove,chứng minh,verb
provide,cung cấp,verb
province,tỉnh,noun
provision,sự cung cấp,noun
psychological,tâm lý,adjective
publicly,công khai,adverb
publish,xuất bản,verb
publisher,nhà xuất bản,noun
pull,kéo,verb
punishment,hình phạt,noun
purchase,mua,noun
pure,tinh khiết,adjective
purely,hoàn toàn,adverb
purple,tím,adjective
pursue,theo đuổi,verb
pursuit,sự theo đuổi,noun
qualify,đủ điều kiện,verb
quantity,số lượng,noun
quarter,quý,noun
queen,nữ hoàng,noun
query,truy vấn,noun
quest,nhiệm vụ,noun
queue,hàng đợi,noun
quit,bỏ,verb
quote,trích dẫn,verb
radar,ra đa,noun
radiation,bức xạ,noun
radical,cấp tiến,adjective
rail,đường sắt,noun
rain,mưa,noun
random,ngẫu nhiên,adjective
rapid,nhanh,adjective
rare,hiếm,adjective
rarely,hiếm khi,adverb
ratio,tỷ lệ,noun
raw,sống,adjective
reaction,phản ứng,noun
reader,người đọc,noun
reading,việc đọc,noun
realistic,thực tế,adjective
rear,phía sau,noun
reasonable,hợp lý,adjective
recall,hồi tưởng,verb
receipt,biên lai,noun
recipe,công thức,noun
recognition,sự công nhận,noun
recommend,đề xuất,verb
recommendation,khuyến nghị,noun
record,ghi lại,verb
recover,phục hồi,verb
recovery,sự phục hồi,noun
recruit,tuyển dụng,verb
reduction,sự giảm,noun
reference,tài liệu tham khảo,noun
reflect,phản chiếu,verb
reform,cải cách,noun
refugee,người tị nạn,noun
refuse,từ chối,verb
regard,coi là,verb
regarding,về việc,preposition
regardless,bất kể,adverb
regime,chế độ,noun
region,khu vực,noun
register,đăng ký,verb
regret,hối tiếc,noun
regular,thường xuyên,adjective
regularly,thường xuyên,adverb
regulate,điều chỉnh,verb
regulation,quy định,noun
reinforce,củng cố,verb
reject,từ chối,verb
relax,thư giãn,verb
release,phát hành,verb
relevant,liên quan,adjective
relief,sự nhẹ nhõm,noun
rely,dựa vào,verb
remark,nhận xét,noun
remarkable,đáng chú ý,adjective
remind,nhắc nhở,verb
remote,xa xôi,adjective
render,kết xuất,verb
renew,gia hạn,verb
rent,thuê,noun
repair,sửa chữa,verb
repeat,lặp lại,verb
replace,thay thế,verb
reply,trả lời,verb
representative,đại diện,noun
reputation,danh tiếng,noun
request,yêu cầu,noun
rescue,cứu hộ,verb
researcher,nhà nghiên cứu,noun
reserve,dự trữ,noun
reside,cư trú,verb
residence,nơi cư trú,noun
resident,cư dân,noun
resign,từ chức,verb
resist,chống lại,verb
resolution,nghị quyết,noun
resolve,giải quyết,verb
resort,khu nghỉ dưỡng,noun
resourceful,tháo vát,adjective
respect,tôn trọng,noun
respectively,lần lượt,adverb
respondent,người trả lời,noun
restore,khôi phục,verb
restrict,hạn chế,verb
restriction,sự hạn chế,noun
resume,sơ yếu lý lịch,noun
retail,bán lẻ,noun
retain,giữ lại,verb
retire,nghỉ hưu,verb
retirement,sự nghỉ hưu,noun
retreat,rút lui,noun
retrieve,truy xuất,verb
revenue,doanh thu,noun
review,đánh giá,noun
revise,sửa đổi,verb
revolution,cách mạng,noun
reward,phần thưởng,noun
rhythm,nhịp điệu,noun
rice,gạo,noun
rid,loại bỏ,verb
ride,đi xe,verb
ring,nhẫn,noun
rip,xé,verb
rise,sự tăng,noun
river,sông,noun
robot,rô bốt,noun
rocket,tên lửa,noun
romantic,lãng mạn,adjective
roof,mái nhà,noun
rough,gồ ghề,adjective
roughly,xấp xỉ,adverb
routine,thói quen,noun
row,hàng,noun
royal,hoàng gia,adjective
rub,chà,verb
rubber,cao su,noun
ruin,tàn tích,noun
rural,nông thôn,adjective
rush,vội vã,verb
sacrifice,hy sinh,noun
sadness,nỗi buồn,noun
salary,lương,noun
sale,giảm giá,noun
sample,mẫu,noun
satisfy,làm hài lòng,verb
sauce,nước sốt,noun
scale,quy mô,noun
scan,quét,verb
scare,làm sợ,verb
scared,sợ hãi,adjective
scenario,kịch bản,noun
schedule,lịch trình,noun
scheme,kế hoạch,noun
scholar,học giả,noun
scholarship,học bổng,noun
scientific,khoa học,adjective
scope,phạm vi,noun
score,ghi điểm,verb
scratch,cào,verb
screen,màn hình,noun
script,kịch bản,noun
seafood,hải sản,noun
seal,niêm phong,verb
search,tìm kiếm,noun
seasonal,theo mùa,adjective
secondly,thứ hai,adverb
secret,bí mật,noun
secretary,thư ký,noun
sector,lĩnh vực,noun
secure,an toàn,adjective
security,bảo mật,noun
segment,phân đoạn,noun
select,chọn,verb
selection,sự lựa chọn,noun
self,bản thân,noun
seminar,hội thảo,noun
senate,thượng viện,noun
senator,thượng nghị sĩ,noun
senior,người lớn tuổi,noun
sensitive,nhạy cảm,adjective
sentence,câu,noun
separate,tách biệt,adjective
sequence,trình tự,noun
seriously,nghiêm túc,adverb
session,phiên,noun
settle,giải quyết,verb
settlement,khu định cư,noun
severe,nghiêm trọng,adjective
shade,bóng râm,noun
shadow,bóng tối,noun
shallow,nông,adjective
shape,hình dạng,noun
sharp,sắc,adjective
sheet,tờ giấy,noun
shelter,nơi trú ẩn,noun
shift,ca làm,noun
shine,tỏa sáng,verb
ship,tàu,noun
shirt,áo sơ mi,noun
shock,sốc,noun
shocked,bị sốc,adjective
shooting,vụ bắn,noun
shopping,mua sắm,noun
shore,bờ,noun
shortly,sớm,adverb
shot,phát bắn,noun
shout,hét,verb
shower,tắm,noun
shrug,nhún vai,verb
sight,tầm nhìn,noun
signal,tín hiệu,noun
significance,tầm quan trọng,noun
significantly,đáng kể,adverb
silence,sự im lặng,noun
silent,yên lặng,adjective
silver,bạc,noun
similarity,sự tương tự,noun
similarly,tương tự,adverb
simultaneously,đồng thời,adverb
sink,chìm,verb
sir,ngài,noun
situate,đặt tại,verb
slight,nhẹ,adjective
slightly,hơi,adverb
slow,chậm,adjective
slowly,chậm rãi,adverb
smart,thông minh,adjective
smell,mùi,noun
smooth,mịn,adjective
snap,búng tay,verb
snow,tuyết,noun
soap,xà phòng,noun
soccer,bóng đá,noun
soft,mềm,adjective
software,phần mềm,noun
soil,đất,noun
solar,mặt trời,adjective
solid,rắn,adjective
solution,giải pháp,noun
solve,giải quyết,verb
somehow,bằng cách nào đó,adverb
somewhat,phần nào,adverb
soul,tâm hồn,noun
southern,phía nam,adjective
soviet,Liên Xô,adjective
span,khoảng thời gian,noun
spare,dự phòng,adjective
specialist,chuyên gia,noun
species,loài,noun
spectacular,ngoạn mục,adjective
spectrum,phổ,noun
spill,làm đổ,verb
spin,xoay,verb
spirit,tinh thần,noun
spiritual,tâm linh,adjective
split,tách,verb
spokesman,người phát ngôn,noun
sponsor,nhà tài trợ,noun
spot,điểm,noun
spread,lan truyền,verb
square,vuông,noun
stable,ổn định,adjective
stadium,sân vận động,noun
staff,nhân viên,noun
stake,cổ phần,noun
stance,lập trường,noun
stare,nhìn chằm chằm,verb
status,trạng thái,noun
steady,ổn định,adjective
steal,ăn cắp,verb
steel,thép,noun
steep,dốc,adjective
stick,gậy,noun
stimulate,kích thích,verb
stir,khuấy,verb
stomach,dạ dày,noun
stone,đá,noun
storm,bão,noun
straight,thẳng,adjective
strain,căng thẳng,noun
stranger,người lạ,noun
strength,sức mạnh,noun
stress,căng thẳng,noun
stretch,kéo dài,verb
strike,đình công,verb
string,chuỗi,noun
strip,dải,noun
stroke,đột quỵ,noun
structure,cấu trúc,noun
struggle,đấu tranh,verb
studio,phòng thu,noun
submit,nộp,verb
subsequent,sau đó,adjective
subsidy,trợ cấp,noun
substance,chất,noun
substantial,đáng kể,adjective
substitute,thay thế,noun
succeed,thành công,verb
sufficient,đủ,adjective
sugar,đường,noun
suit,bộ đồ,noun
suitable,phù hợp,adjective
summary,tóm tắt,noun
superior,cao cấp,adjective
supermarket,siêu thị,noun
supervise,giám sát,verb
supplier,nhà cung cấp,noun
supply,nguồn cung,noun
supporter,người ủng hộ,noun
suppose,cho rằng,verb
supreme,tối cao,adjective
surface,bề mặt,noun
surgeon,bác sĩ phẫu thuật,noun
surgery,phẫu thuật,noun
surprise,sự ngạc nhiên,noun
surprising,đáng ngạc nhiên,adjective
surround,bao quanh,verb
survey,khảo sát,noun
survival,sự sống sót,noun
survive,sống sót,verb
suspect,nghi ngờ,verb
sustain,duy trì,verb
swear,thề,verb
sweep,quét,verb
switch,chuyển đổi,verb
symbol,biểu tượng,noun
symptom,triệu chứng,noun
systematic,có hệ thống,adjective
tackle,xử lý,verb
talent,tài năng,noun
tank,xe tăng,noun
target,mục tiêu,noun
taste,vị,noun
tax,thuế,noun
taxi,taxi,noun
tea,trà,noun
technical,kỹ thuật,adjective
technique,kỹ thuật,noun
teenager,thiếu niên,noun
temporary,tạm thời,adjective
tension,căng thẳng,noun
territory,lãnh thổ,noun
terror,khủng bố,noun
terrorist,kẻ khủng bố,noun
testify,làm chứng,verb
text,văn bản,noun
texture,kết cấu,noun
thankful,biết ơn,adjective
theme,chủ đề,noun
thick,dày,adjective
thin,mỏng,adjective
thorough,triệt để,adjective
thoroughly,hoàn toàn,adverb
throat,cổ họng,noun
tight,chặt,adjective
till,cho đến,preposition
tiny,nhỏ bé,adjective
tip,mẹo,noun
tire,lốp xe,noun
tissue,mô,noun
title,tiêu đề,noun
tobacco,thuốc lá,noun
tolerate,dung thứ,verb
tone,giọng điệu,noun
topic,chủ đề,noun
toss,ném,verb
total,tổng cộng,noun
touch,chạm,verb
tour,chuyến du lịch,noun
tourism,du lịch,noun
tourist,du khách,noun
tournament,giải đấu,noun
trace,dấu vết,noun
track,đường đua,noun
tradition,truyền thống,noun
traffic,giao thông,noun
tragedy,bi kịch,noun
transfer,chuyển giao,verb
transform,biến đổi,verb
transition,chuyển đổi,noun
translate,dịch,verb
translation,bản dịch,noun
transport,vận chuyển,noun
trap,bẫy,noun
treasure,kho báu,noun
treaty,hiệp ước,noun
trend,xu hướng,noun
tribe,bộ lạc,noun
trigger,kích hoạt,verb
troop,quân đội,noun
tropical,nhiệt đới,adjective
truck,xe tải,noun
truly,thực sự,adverb
trust,tin tưởng,noun
truthful,trung thực,adjective
tube,ống,noun
tunnel,đường hầm,noun
turning,điểm ngoặt,noun
twelve,mười hai,numeral
twenty,hai mươi,numeral
twice,hấp đôi,adverb
twin,sinh đôi,noun
twist,xoắn,verb
typical,điển hình,adjective
ultimately,cuối cùng,adverb
unable,không thể,adjective
uncertain,không chắc chắn,adjective
uncle,chú,bác,noun
undergo,trải qua,verb
underlying,cơ bản,adjective
undertake,đảm nhận,verb
unemployment,thất nghiệp,noun
unexpected,bất ngờ,adjective
unfair,không công bằng,adjective
unfortunately,không may,adverb
unhappy,không vui,adjective
uniform,đồng phục,noun
union,công đoàn,noun
unique,độc đáo,adjective
unit,đơn vị,noun
unite,hợp nhất,verb
universal,phổ quát,adjective
universe,vũ trụ,noun
unknown,không biết,adjective
unless,trừ khi,conjunction
unlike,không giống,preposition
unlikely,khó có khả năng,adjective
unusual,bất thường,adjective
update,cập nhật,verb
upper,phía trên,adjective
urban,đô thị,adjective
urge,thúc giục,verb
urgent,khẩn cấp,adjective
usage,sự sử dụng,noun
used,đã qua sử dụng,adjective
useful,hữu ích,adjective
user,người dùng,noun
usual,thông thường,adjective
utility,tiện ích,noun
vacation,kỳ nghỉ,noun
vacuum,chân không,noun
valid,hợp lệ,adjective
valley,thung lũng,noun
valuable,có giá trị,adjective
variable,biến số,noun
variation,sự thay đổi,noun
variety,sự đa dạng,noun
vast,rộng lớn,adjective
vegetable,rau,noun
vehicle,phương tiện,noun
venture,mạo hiểm,noun
version,phiên bản,noun
versus,so với,preposition
vessel,tàu,noun
veteran,cựu chiến binh,noun
via,thông qua,preposition
victory,chiến thắng,noun
video,video,noun
violate,vi phạm,verb
violation,sự vi phạm,noun
violently,bạo lực,adverb
virtually,hầu như,adverb
virtue,đức hạnh,noun
visible,có thể nhìn thấy,adjective
vision,tầm nhìn,noun
visual,thị giác,adjective
vital,sống còn,adjective
volume,khối lượng,noun
voluntary,tự nguyện,adjective
volunteer,tình nguyện viên,noun
voter,cử tri,noun
wage,tiền lương,noun
wake,thức dậy,verb
wander,lang thang,verb
warm,ấm,adjective
warn,cảnh báo,verb
warning,cảnh báo,noun
waste,lãng phí,noun
wave,sóng,noun
wealth,giàu có,noun
wealthy,giàu có,adjective
weigh,cân,verb
welcome,chào đón,verb
welfare,phúc lợi,noun
western,phía tây,adjective
wheel,bánh xe,noun
whereas,trong khi,conjunction
wherever,bất cứ nơi nào,adverb
whisper,thì thầm,verb
whistle,còi,noun
wholly,hoàn toàn,adverb
widespread,lan rộng,adjective
wild,hoang dã,adjective
wildlife,động vật hoang dã,noun
willing,sẵn lòng,adjective
wipe,lau,verb
wire,dây,noun
wisdom,trí tuệ,noun
withdraw,rút lui,verb
witness,nhân chứng,noun
wood,gỗ,noun
wooden,gỗ,adjective
workshop,hội thảo,noun
worship,thờ cúng,verb
worth,đáng giá,adjective
would,sẽ,modal
wrap,gói,verb
wrist,cổ tay,noun
yellow,vàng,adjective
youth,tuổi trẻ,noun
zone,khu vực,noun
zoo,sở thú,noun

